Job ID,Job URL,Job Title,Company Name,Status,Timestamp,WP ID
f2eef1dc20a9c651,https://www.linkedin.com/jobs/view/2023/,"1,000+Senior Unix System Administrator Jobs in United States",,failed|wp_post_failed,2026-07-06T23:51:32.142958,
b66b608b0b7c7800,https://al.linkedin.com/jobs/view/bro-jobs-check-posts-qualification-salary-and-more-at-the-kashmir-monitor-4435461073,"BRO jobs: Check posts, qualification, salary, and more",,scraped,2026-07-06T23:51:34.534629,
e730b3ea588c8892,https://al.linkedin.com/jobs/view/real-estate-sales-4433903746,Real Estate Sales,The SunSet Luxury Real Estate,posted,2026-07-06T23:51:49.770498,21
9022bc18ee6cbd18,https://al.linkedin.com/jobs/view/carpenter-helper-various-locations-at-yates-construction-4378761740,Carpenter Helper - Various Locations,Yates Construction,posted,2026-07-06T23:51:58.154191,23
fa2e11102e2643b5,https://al.linkedin.com/jobs/view/instrumentation-helper-various-locations-at-yates-construction-4378755962,Instrumentation Helper -Various Locations,Yates Construction,posted,2026-07-06T23:52:06.691695,25
b1b8b2b4d56d2b89,https://al.linkedin.com/jobs/view/sales-manager-at-peekabooal-4437115273,Sales Manager,PEEKABOOAL,posted,2026-07-06T23:52:16.499363,27
f70456076dcb5d73,https://al.linkedin.com/jobs/view/real-estate-agent-at-century-21-west-4436495995,Real Estate Agent,,scraped,2026-07-06T23:52:19.081526,
f45569fb611d9a52,https://al.linkedin.com/jobs/view/financier-at-albaseed-4436313377,Financier,,scraped,2026-07-06T23:52:26.193573,
20b81c7cd64f7f37,https://al.linkedin.com/jobs/view/purchase-specialist-at-kalaja-talent-consulting-4433918895,Purchase Specialist,,scraped,2026-07-06T23:52:32.559498,
6e431523a705aada,https://al.linkedin.com/jobs/view/commercial-organization-development-specialist-at-philip-morris-international-4426330901,Commercial Organization Development Specialist,,scraped,2026-07-06T23:52:39.175570,
24e72a744e080b43,https://al.linkedin.com/jobs/view/junior-accountant-at-accountancy-practice-assistant-ltd-4432787516,Junior Accountant,,scraped,2026-07-06T23:52:46.228654,
859329fd31da74f2,https://al.linkedin.com/jobs/view/vodafone-albania-discover-graduate-at-vodafone-4433960130,Vodafone Albania Discover Graduate,,scraped,2026-07-06T23:52:53.112516,
1ab2e5b5681158fe,https://al.linkedin.com/jobs/view/aide-%C3%A0-domicile-h-f-at-destia-montpellier-mill%C3%A9naire-4436962433,Aide à domicile (H/F),,scraped,2026-07-06T23:52:59.958953,
c69d9351ae53b762,https://al.linkedin.com/jobs/view/channel-development-manager-sales-business-development-at-xiaomi-technology-4435405449,Channel Development Manager (Sales/Business Development),,scraped,2026-07-06T23:53:06.736617,
e1efe1fce55fe0dc,https://al.linkedin.com/jobs/view/english-albanian-english-translator-full-time-at-alba-global-group-shpk-4433929030,English-Albanian-English Translator (Full Time),,scraped,2026-07-06T23:53:14.569643,
452516b0ce0fd2fb,https://al.linkedin.com/jobs/view/virtual-assistant-at-cs-outsource-4435796883,Virtual Assistant,CS Outsource,posted,2026-07-06T23:53:28.906673,29
0b3f1a7b3bbef19c,https://al.linkedin.com/jobs/view/auditeur-financier-h-f-at-l-usine-nouvelle-4433785362,Auditeur Financier (H/F),L'Usine Nouvelle,posted,2026-07-06T23:53:41.492218,31
d0ae669ab9454af3,https://al.linkedin.com/jobs/view/analista-dati-at-mare-group-4437143867,Analista dati,,scraped,2026-07-06T23:53:44.089675,
18c5d13478420752,https://al.linkedin.com/jobs/view/entrepreneur-in-residence-eir-at-the-flex-4436952202,Entrepreneur in Residence (EIR),,scraped,2026-07-06T23:53:51.438724,
cd47e5bfb66bea22,https://al.linkedin.com/jobs/view/finance-specialist-at-heb-s-albania-4433705884,Finance Specialist,,scraped,2026-07-06T23:53:58.269512,
27b290a042b97dec,https://al.linkedin.com/jobs/view/financial-controller-at-groupe-barri%C3%A8re-4435818270,Financial Controller,,scraped,2026-07-06T23:54:04.204738,
fae58e4f1e757c80,https://al.linkedin.com/jobs/view/national-consultant-to-provide-technical-assistance-to-the-ministry-of-health-and-social-welfare-and-to-46-municipalities-to-scale-up-the-local-social-fund-social-protection-tirana-albania-remote-at-unicef-bangladesh-4436205682,"National Consultant to provide technical assistance to the Ministry of Health and Social Welfare and to 46 municipalities to scale up the Local Social Fund, Social Protection, Tirana, Albania, Remote",,scraped,2026-07-06T23:54:12.162948,
479b2db4c744b292,https://al.linkedin.com/jobs/view/portofolio-specialist-photovoltaic-heat-pump-entry-level-f-m-x-at-enpal-4402926920,Portofolio Specialist / Photovoltaic Heat Pump / Entry Level (f/m/x),,scraped,2026-07-06T23:54:18.983167,
f277e3149514d51f,https://al.linkedin.com/jobs/view/assistant-comptable-h-f-at-l-usine-nouvelle-4433790248,Assistant Comptable (H/F),L'Usine Nouvelle,posted,2026-07-06T23:54:34.778119,33
f73303652220910b,https://al.linkedin.com/jobs/view/specialista-network-security-at-lutech-4436713679,Specialista Network Security,,scraped,2026-07-06T23:54:37.362794,
7333cff4e20a5f95,https://al.linkedin.com/jobs/view/content-creator-social-media-manager-at-elite-station-4432787546,Content Creator & Social Media Manager,,scraped,2026-07-06T23:54:44.071586,
c0b29d86f74400bb,https://al.linkedin.com/jobs/view/cardiology-patient-navigator-at-jobera-com-4435412222,Cardiology Patient Navigator,Jobera.com,posted,2026-07-06T23:54:55.594418,35
fae176af18edd6fe,https://al.linkedin.com/jobs/view/gestionnaire-de-paie-h-f-at-l-usine-nouvelle-4433791171,Gestionnaire de paie (H/F),L'Usine Nouvelle,posted,2026-07-06T23:55:08.642952,37
bcc77e02f1ff4029,https://al.linkedin.com/jobs/view/menaxher-i-marr%C3%ABdh%C3%ABnieve-me-klientin-crm-dega-peshkopi-at-otp-bank-albania-4432767291,"Menaxher i Marrëdhënieve me Klientin (CRM), Dega Peshkopi",OTP Bank Albania,posted,2026-07-06T23:55:19.834503,39
bc22dc45c3df237f,https://al.linkedin.com/jobs/view/agjente-shitjesh-at-omnes-agency-4432364060,Agjente Shitjesh,,scraped,2026-07-06T23:55:22.419603,
53271e27ba612ce6,https://al.linkedin.com/jobs/view/cyber-security-architect-at-almotech-4432786531,Cyber Security Architect,,scraped,2026-07-06T23:55:31.207126,
ad078103d6b35ee3,https://al.linkedin.com/jobs/view/agente-customer-service-italiano-%2B-inglese-sede-a-tirana-at-wolt-4436029577,"Agente Customer Service (Italiano + Inglese), sede a Tirana",,scraped,2026-07-06T23:55:37.681534,
0be6917fd3968a3b,https://al.linkedin.com/jobs/view/chief-accountant-at-krka-4433190057,Chief Accountant,,scraped,2026-07-06T23:55:44.761507,
7c09f9b90d5bfff2,https://al.linkedin.com/jobs/view/etl-engineer-remote-work-at-bairesdev-4436230470,ETL Engineer - Remote Work,BairesDev,posted,2026-07-06T23:55:57.360344,41
83da8327faf9b393,https://al.linkedin.com/jobs/view/growth-marketer-at-the-flex-4436768723,Growth Marketer,,scraped,2026-07-06T23:56:00.035429,
f115f0b5f25628ea,https://al.linkedin.com/jobs/view/chef-de-mission-h-f-at-l-usine-nouvelle-4433789242,Chef de Mission (H/F),L'Usine Nouvelle,posted,2026-07-06T23:56:15.773155,43
943fc348fd7cb432,https://al.linkedin.com/jobs/view/lider-liderka-zmiany-at-dealz-poland-4431934971,Lider / Liderka zmiany,,scraped,2026-07-06T23:56:18.399399,
121c7d4da8f79369,https://al.linkedin.com/jobs/view/senior-user-acquisition-manager-at-ruby-labs-4437449894,Senior User Acquisition Manager,Ruby Labs,posted,2026-07-06T23:56:30.801838,45
62715645f0346575,https://al.linkedin.com/jobs/view/engineering-manager-100%25-remote-emea-cloud-computing-at-pragmatike-4435599976,Engineering Manager (100% Remote EMEA) - Cloud Computing,,scraped,2026-07-06T23:56:33.379083,
a71b39d8b67bad12,https://al.linkedin.com/jobs/view/back-office-support-at-sisal-hub-albania-4426340733,Back Office Support,,scraped,2026-07-06T23:56:39.601214,
e1884d5fddbb59b5,https://al.linkedin.com/jobs/view/national-consultant-to-provide-technical-assistance-to-the-ministry-of-health-and-social-welfare-and-to-46-municipalities-to-scale-up-the-local-social-fund-social-protection-tirana-albania-remote-at-unicef-chad-4433980184,"National Consultant to provide technical assistance to the Ministry of Health and Social Welfare and to 46 municipalities to scale up the Local Social Fund, Social Protection, Tirana, Albania, Remote",Unicef CHAD,posted,2026-07-06T23:57:02.389548,47
86d89b8c579e5451,https://al.linkedin.com/jobs/view/safe%C2%AE-product-owner-at-lufthansa-industry-solutions-4431934004,SAFe® Product Owner,,scraped,2026-07-06T23:57:05.003646,
79f422113d1e223a,https://al.linkedin.com/jobs/view/ml-ai-engineer-at-expert-executive-recruiters-eer-global-4429650061,ML/ AI Engineer,Expert Executive Recruiters (EER Global),posted,2026-07-06T23:57:16.555360,49
4c281da95cf37c6c,https://al.linkedin.com/jobs/view/healthtech-co-founder-cpto-100-%25-remote-m-f-d-at-ewor-4435481403,HealthTech Co-Founder / CPTO (100 % remote) (m/f/d),,scraped,2026-07-06T23:57:19.201148,
1914d425a2425e62,https://al.linkedin.com/jobs/view/pharmaceutical-medical-representative-at-partners-pharma-4433988895,Pharmaceutical Medical Representative,,scraped,2026-07-06T23:57:25.725636,
a5cccb1b115ecd47,https://al.linkedin.com/jobs/view/menaxher-e-per-blerjet-crowne-plaza-durres-at-crowne-plaza-durres-by-ihg-4433709052,Menaxher/e per Blerjet Crowne Plaza Durres,Crowne Plaza Durres by IHG,posted,2026-07-06T23:57:39.227423,51
4c98c5f77676083e,https://al.linkedin.com/jobs/view/marketing-informues-b2b-italisht-at-hitweb-it-4431576565,Marketing informues B2B-Italisht,Hitweb.it,posted,2026-07-06T23:57:53.008894,53
892dc472b983e0f9,https://al.linkedin.com/jobs/view/audit-and-assurance-intern-at-pwc-albania-and-kosovo-4436250076,Audit and Assurance Intern,PwC Albania and Kosovo,posted,2026-07-06T23:58:03.117180,55
2196d4f59106de4d,https://al.linkedin.com/jobs/view/investment-reporting-associate-at-deloitte-4433166868,Investment Reporting Associate,Deloitte,posted,2026-07-06T23:58:11.512600,57
75e39b73eceeed22,https://al.linkedin.com/jobs/view/social-media-manager-at-mania-advertising-maniacard-4433935251,Social Media Manager,,scraped,2026-07-06T23:58:14.144227,
48daf91e98a42a6c,https://al.linkedin.com/jobs/view/teknik-linje-prodhimi-at-atronix-4432779677,Teknik Linje Prodhimi,,scraped,2026-07-06T23:58:22.993623,
706f6e77b1083c8c,https://al.linkedin.com/jobs/view/specialist-e-prokurimi-inxhinier-e-nd%C3%ABrtimi-at-vibtis-4432777437,SPECIALIST/E PROKURIMI - INXHINIER/E NDËRTIMI,,scraped,2026-07-06T23:58:33.838621,
d079af81d33d3cd2,https://al.linkedin.com/jobs/view/inxhinier-strukturist-at-high-tech-construction-shpk-4433184914,Inxhinier Strukturist,,scraped,2026-07-06T23:58:41.952609,
0934c29f98f5c27a,https://al.linkedin.com/jobs/view/garment-technician-at-musabelliu-4433926380,Garment Technician,MUSABELLIU,posted,2026-07-06T23:58:56.003553,59
fe586479ad518401,https://al.linkedin.com/jobs/view/marketing-informues-b2b-gjuha-italiane-at-hitweb-it-4433929609,Marketing Informues B2B - Gjuha italiane,Hitweb.it,posted,2026-07-06T23:59:09.614190,61
c62144917d12a281,https://al.linkedin.com/jobs/view/it-application-administrator-at-deloitte-4433938498,IT Application Administrator,Deloitte,posted,2026-07-06T23:59:18.495894,63
dbdd95c1e74c014f,https://al.linkedin.com/jobs/view/travel-agent-spanish-speaking-at-bizaway-4416700616,Travel Agent - Spanish Speaking,,scraped,2026-07-06T23:59:21.121843,
223430514e9fef3e,https://al.linkedin.com/jobs/view/applied-ai-co-founder-cco-100-%25-remote-m-f-d-at-ewor-4435473813,Applied AI Co-Founder / CCO (100 % remote) (m/f/d),,scraped,2026-07-06T23:59:27.799626,
869f9afa0c3b01b7,https://al.linkedin.com/jobs/view/sales-call-center-agent-italian-speaking-at-neo-group-4437189707,Sales Call Center Agent (Italian-speaking),,scraped,2026-07-06T23:59:34.348196,
7244382882a97751,https://al.linkedin.com/jobs/view/market-clerk-at-brookshire-grocery-company-4436132737,Market Clerk,Brookshire Grocery Company,posted,2026-07-06T23:59:47.779348,65
be3366f437b6a2d4,https://al.linkedin.com/jobs/view/senior-agri-food-logistics-cold-chain-expert-at-ntu-international-a-s-4436701377,Senior Agri-Food Logistics / Cold Chain Expert,,scraped,2026-07-06T23:59:50.430368,
119d69ab69999f38,https://al.linkedin.com/jobs/view/gymnastics-instructor-at-the-little-gym-of-silver-spring-4432318639,Gymnastics Instructor,The Little Gym of Silver Spring,posted,2026-07-07T00:00:06.906608,67
27358cf755e6900d,https://al.linkedin.com/jobs/view/salesforce-developer-at-ofive-global-4433103148,Salesforce Developer,Ofive Global,posted,2026-07-07T00:00:16.589567,69
7c8e882a4f5cc798,https://al.linkedin.com/jobs/view/value-excellence-planning-expert-at-domp%C3%A9-4433307061,Value Excellence & Planning Expert,,scraped,2026-07-07T00:00:19.546591,
929577e82e75fc75,https://al.linkedin.com/jobs/view/back-office-specialist-italian-language-inserim-te-dhenash-at-enpal-4401066555,Back Office Specialist (Italian Language) - inserim te dhenash,,scraped,2026-07-07T00:00:26.874312,
76fcf343c139c4bf,https://al.linkedin.com/jobs/view/senior-react-native-developer-at-ruby-labs-4436909883,Senior React Native Developer,Ruby Labs,posted,2026-07-07T00:00:39.587627,71
7eea4855f10f2a01,https://al.linkedin.com/jobs/view/workday-bootcamp-24%E2%80%9325-sept-junior-integration-consultant-tirana-at-deloitte-4432360762,Workday Bootcamp (24–25 Sept) | Junior Integration Consultant | Tirana,Deloitte,posted,2026-07-07T00:00:48.408196,73
2138d069528412fc,https://al.linkedin.com/jobs/view/german-speaking-customer-service-specialist-at-acca19-4433941854,German Speaking Customer Service Specialist,,scraped,2026-07-07T00:00:51.051322,
c6f032997b560042,https://al.linkedin.com/jobs/view/accounting-executive-based-in-pristina-at-bat-4432342517,Accounting Executive based in Pristina,,scraped,2026-07-07T00:00:59.055671,
f62899f17eee0cb0,https://al.linkedin.com/jobs/view/senior-training-and-capacity-development-expert-at-ntu-international-a-s-4434990247,Senior Training and Capacity Development Expert,,scraped,2026-07-07T00:01:05.990722,
1bad18c36f6c1edb,https://al.linkedin.com/jobs/view/o-m-technician-m-f-at-voltalia-4435828346,O&M Technician M/F,Voltalia,posted,2026-07-07T00:01:58.920256,75
265c1043e24b12d4,https://al.linkedin.com/jobs/view/ai-engineer-technical-lead-at-vodafone-4432782783,AI Engineer Technical Lead,,scraped,2026-07-07T00:02:01.584954,
2c3e7da0d5a5f5f1,https://al.linkedin.com/jobs/view/service-foreman-at-rogers-electric-4405159183,Service Foreman,Rogers Electric,posted,2026-07-07T00:03:18.037222,77
c499b919c00629bd,https://al.linkedin.com/jobs/view/german-english-customer-support-specialist-%E2%80%93-chat-email-phone-100%25-remote-at-talentpop-app-4433909815,"German-English Customer Support Specialist – Chat, Email & Phone (100% Remote)",TalentPop App,posted,2026-07-07T00:03:26.963845,79
e847a66afb708b32,https://al.linkedin.com/jobs/view/ux-ui-designer-at-the-flex-4436392139,UX/UI Designer,,scraped,2026-07-07T00:03:29.620005,
400af563657653bb,https://al.linkedin.com/jobs/view/senior-distributed-systems-engineer-remote-work-ref%23293767-at-bairesdev-4426567328,Senior Distributed Systems Engineer - Remote Work | REF#293767,BairesDev,posted,2026-07-07T00:04:46.426556,81
b83fcef3c0556d49,https://al.linkedin.com/jobs/view/query-engine-engineer-apache-trino-internals-remote-work-ref%23294361-at-bairesdev-4426559451,Query Engine Engineer (Apache Trino Internals) - Remote Work | REF#294361,BairesDev,posted,2026-07-07T00:04:54.477135,83
15122278c279176e,https://al.linkedin.com/jobs/view/expert-comptable-m%C3%A9morialiste-h-f-at-l-usine-nouvelle-4433775990,Expert-Comptable Mémorialiste (H/F),L'Usine Nouvelle,posted,2026-07-07T00:05:07.885962,85
8080b964ab6f381b,https://al.linkedin.com/jobs/view/senior-data-platform-engineer-remote-work-ref%23293878-at-bairesdev-4426563351,Senior Data Platform Engineer - Remote Work | REF#293878,BairesDev,posted,2026-07-07T00:05:15.466088,87
e5be73e7b554febd,https://al.linkedin.com/jobs/view/juriste-droit-des-affaires-h-f-at-l-usine-nouvelle-4433780750,Juriste Droit des Affaires H/F,L'Usine Nouvelle,posted,2026-07-07T00:05:28.060179,89
67254918407b8158,https://al.linkedin.com/jobs/view/%F0%9F%87%A9%F0%9F%87%AA-german-english-customer-support-specialist-kundenservice-kundenbetreuung-%E2%80%93-100%25-pun%C3%AB-nga-sht%C3%ABpia-at-talentpop-app-4433911748,🇩🇪 German-English Customer Support Specialist (Kundenservice / Kundenbetreuung) – 100% Punë nga Shtëpia,TalentPop App,posted,2026-07-07T00:05:37.753124,91
841226c3a1734ba1,https://al.linkedin.com/jobs/view/%F0%9F%87%A9%F0%9F%87%AA-german-english-customer-support-specialist-kundenservice-kundenbetreuung-%E2%80%93-100%25-pun%C3%AB-nga-sht%C3%ABpia-at-talentpop-app-4433928180,🇩🇪 German-English Customer Support Specialist (Kundenservice / Kundenbetreuung) – 100% Punë nga Shtëpia,TalentPop App,posted,2026-07-07T00:05:46.211616,93
a4a4256f4e5870b7,https://al.linkedin.com/jobs/view/%F0%9F%87%A9%F0%9F%87%AA-german-english-customer-support-specialist-kundenservice-kundenbetreuung-%E2%80%93-100%25-pun%C3%AB-nga-sht%C3%ABpia-at-talentpop-app-4433915561,🇩🇪 German-English Customer Support Specialist (Kundenservice / Kundenbetreuung) – 100% Punë nga Shtëpia,TalentPop App,posted,2026-07-07T00:05:55.445632,95
83f90aae464c5c0c,https://al.linkedin.com/jobs/view/stream-processing-engineer-apache-flink-internals-remote-work-ref%23294315-at-bairesdev-4426561435,Stream Processing Engineer (Apache Flink Internals) - Remote Work | REF#294315,BairesDev,posted,2026-07-07T00:06:04.097134,97
0f4229d0778aaa14,https://al.linkedin.com/jobs/view/senior-data-engineer-aws-python-at-proxify-4335272730,Senior Data Engineer (AWS & Python),,scraped,2026-07-07T00:06:06.666893,
b3f8c502edc4a541,https://al.linkedin.com/jobs/view/transaction-corporate-finance-manager-at-bip-4434973165,Transaction & Corporate Finance Manager,BIP,posted,2026-07-07T00:07:25.741802,99
48d8c96cecbb814d,https://al.linkedin.com/jobs/view/customer-service-advisor-airbnb-italian-at-concentrix-4373139243,Customer Service Advisor - Airbnb - Italian,Concentrix,posted,2026-07-07T00:07:34.877349,101
187551dcbf80c028,https://al.linkedin.com/jobs/view/responsabile-macelleria-at-manpowergroup-4433161920,Responsabile macelleria,ManpowerGroup,posted,2026-07-07T00:07:44.034333,103
bf2728fb4ab73384,https://al.linkedin.com/jobs/view/german-teacher-at-akro-center-4433749525,German Teacher,,scraped,2026-07-07T00:07:46.668986,
fd2054c3a6e3f244,https://al.linkedin.com/jobs/view/senior-sap-fi-consultant-at-engineering-albania-4432356050,Senior SAP FI Consultant,,scraped,2026-07-07T00:07:53.174558,
eace45edbc4a674f,https://al.linkedin.com/jobs/view/certification-business-support-advisor-with-italian-at-rina-4425836695,Certification Business Support Advisor with Italian,,scraped,2026-07-07T00:08:00.368951,
e90df6baf5033329,https://al.linkedin.com/jobs/view/senior-software-engineer-c%2B%2B-remote-work-ref%23289890-at-bairesdev-4420450895,Senior Software Engineer (C++) - Remote Work | REF#289890,BairesDev,posted,2026-07-07T00:08:13.106790,105
7612bba6d87e8899,https://al.linkedin.com/jobs/view/senior-next-js-developer-at-proxify-4300869221,Senior Next.js Developer,,scraped,2026-07-07T00:08:15.739994,
a5fa142ee70c42ba,https://al.linkedin.com/jobs/view/sap-advanced-business-application-programming-developer-at-lutech-4431593395,Sap Advanced Business Application Programming Developer,,scraped,2026-07-07T00:09:26.217048,
c9be2370618bcc09,https://al.linkedin.com/jobs/view/senior-software-engineer-java-%2B-observability-remote-work-ref%23293958-at-bairesdev-4426562411,Senior Software Engineer (Java + Observability) - Remote Work | REF#293958,BairesDev,posted,2026-07-07T00:09:40.252203,107
12564e651f75326c,https://al.linkedin.com/jobs/view/senior-software-engineer-go-%2B-kubernetes-remote-work-ref%23294024-at-bairesdev-4426571132,Senior Software Engineer (Go + Kubernetes) - Remote Work | REF#294024,BairesDev,posted,2026-07-07T00:09:48.828703,109
ced290ce7a5caea9,https://al.linkedin.com/jobs/view/senior-analyst-supply-analytics-bangkok-based-relocation-provided-at-agoda-4299778137,"Senior Analyst (Supply Analytics, Bangkok-based, Relocation provided)",Agoda,posted,2026-07-07T00:10:02.691586,111
eb5274dec78fc803,https://al.linkedin.com/jobs/view/staff-systems-engineer-c%2B%2B-remote-work-ref%23289959-at-bairesdev-4420465455,Staff Systems Engineer (C++) - Remote Work | REF#289959,BairesDev,posted,2026-07-07T00:10:12.031408,113
47c6ea8e3fc74820,https://al.linkedin.com/jobs/view/senior-platform-engineer-kubernetes-remote-work-ref%23294029-at-bairesdev-4426560353,Senior Platform Engineer (Kubernetes) - Remote Work | REF#294029,BairesDev,posted,2026-07-07T00:10:20.221077,115
1ad98b2263b5200f,https://al.linkedin.com/jobs/view/internal-listing-water-wastewater-operator-iii-technician-at-city-of-tulsa-4435367118,INTERNAL LISTING - WATER/WASTEWATER OPERATOR III TECHNICIAN,City of Tulsa,posted,2026-07-07T11:23:51.757780,117
af2e1eda2f97e09e,https://al.linkedin.com/jobs/view/personal-banker-at-tirana-bank-4435539323,Personal Banker,Tirana Bank,posted,2026-07-07T11:24:03.537698,119
ea611b046bafee63,https://al.linkedin.com/jobs/view/customer-service-representative-full-time-at-wolt-4436027618,Customer Service Representative (full-time),,scraped,2026-07-07T11:24:08.190836,
e349ff7938787065,https://al.linkedin.com/jobs/view/receptionist-hotel-at-chianti-restorations-srl-luxury-property-restoration-company-4434519673,Receptionist hotel,CHIANTI RESTORATIONS srl - Luxury Property Restoration Company,posted,2026-07-07T11:24:59.811898,121
221ec3f0f3eabc69,https://al.linkedin.com/jobs/view/social-media-and-marketing-manager-at-accor-4436218001,Social Media and Marketing Manager,Accor,posted,2026-07-07T11:25:15.926921,123
3e6a1ccaa19da469,https://al.linkedin.com/jobs/view/sales-manager-us-market-at-crystalia-glass-llc-4436766295,Sales Manager (US Market),Crystalia Glass LLC,posted,2026-07-07T11:25:26.184320,125
17ea3a52f5faa585,https://al.linkedin.com/jobs/view/project-assistant-g5-extra-budgetary-project-on-media-at-osce-4432799431,"Project Assistant (G5), Extra Budgetary Project on Media",,scraped,2026-07-07T11:25:36.780595,
1175d5df2d6a8259,https://al.linkedin.com/jobs/view/junior-account-executive-at-contactout-4436519415,Junior Account Executive,ContactOut,posted,2026-07-07T11:25:53.874236,127
03011c39cdf7cfdd,https://al.linkedin.com/jobs/view/legal-associate-at-vision-consulting-albania-tax-law-4432397443,Legal Associate,,scraped,2026-07-07T11:25:58.502568,
a39dbcaccfc4a0c2,https://al.linkedin.com/jobs/view/senior-agricultural-statistics-expert-at-ntu-international-a-s-4437766612,Senior Agricultural Statistics Expert,,scraped,2026-07-07T11:26:20.414573,
72fc761f9e047314,https://al.linkedin.com/jobs/view/business-sales-account-at-madcom-albania-power-by-albanian-fiber-telecommunications-4432701487,Business Sales Account,,scraped,2026-07-07T11:26:27.548521,
c36f299c1e539cc2,https://al.linkedin.com/jobs/view/ingest-specialist-english-eu-at-simply-tv-4437196000,Ingest Specialist - English (EU),,scraped,2026-07-07T11:26:34.440343,
3848ed16c2361949,https://al.linkedin.com/jobs/view/va26p134v01-project-management-assistant-ls2-at-icmpd-t%C3%BCrkiye-temsilcili%C4%9Fi-4433996460,VA26P134V01 - Project Management Assistant - LS2,,scraped,2026-07-07T11:26:41.101538,
cfd6bfe56815927c,https://al.linkedin.com/jobs/view/senior-sap-basis-administrator-at-service-factory-solutions-4433189700,Senior SAP Basis Administrator,,scraped,2026-07-07T11:26:51.395004,
54c209d179e82e36,https://al.linkedin.com/jobs/view/artificial-intelligence-engineer-at-mare-group-4435833066,Artificial Intelligence Engineer,,scraped,2026-07-07T11:27:03.580530,
a76233afb0803e6f,https://al.linkedin.com/jobs/view/ekonomist-e-financier-e%E2%80%8B-vinea-resort-spa-at-dm-consulting-services-4433939762,Ekonomist/e - Financier/e (VINEA RESORT & SPA),DM Consulting Services,posted,2026-07-07T11:27:20.879239,129
f587c3be6dc93e41,https://al.linkedin.com/jobs/view/cdi-exploitant-transport-nuit-h-f-at-groupe-coquelle-4437715835,CDI - exploitant transport nuit (H/F),,scraped,2026-07-07T11:27:23.467898,
a927cb245bf0ffa6,https://al.linkedin.com/jobs/view/devops-engineer-ai-model-evaluator-at-mercor-4431928276,DevOps Engineer - AI Model Evaluator,Mercor,posted,2026-07-07T11:27:45.353080,131
78e8043c515b2fda,https://al.linkedin.com/jobs/view/data-engineer-at-lufthansa-industry-solutions-4432700525,Data Engineer,,scraped,2026-07-07T11:27:48.035152,
105699824c01d114,https://al.linkedin.com/jobs/view/quality-control-photovoltaic-entry-level-f-m-x-at-enpal-4393536278,Quality Control / Photovoltaic / Entry Level(f/m/x),,scraped,2026-07-07T11:27:54.809850,
186445b1f131338e,https://al.linkedin.com/jobs/view/ai-automation-workflow-engineer-at-seamless-assist-4435011821,AI Automation & Workflow Engineer,Seamless Assist,posted,2026-07-07T11:28:09.846976,133
5222a582c9c1657e,https://al.linkedin.com/jobs/view/marketing-operational-specialist-at-eppc-albania-kosovo-4433849866,Marketing Operational Specialist,,scraped,2026-07-07T11:28:12.468109,
37d5619bbcedcad0,https://al.linkedin.com/jobs/view/remote-menaxhere-shitjesh-zaro-group-at-retail-albania-4433941252,Remote Menaxhere Shitjesh (Zaro Group),Retail Albania,posted,2026-07-07T11:28:27.459541,135
c40fc7506156946e,https://al.linkedin.com/jobs/view/junior-software-developer-at-rapiscan-systems-4405575693,Junior Software Developer,Rapiscan Systems,posted,2026-07-07T11:28:38.169103,137
2654eedf5e3e07fd,https://al.linkedin.com/jobs/view/head-of-democratization-department-s3-at-osce-4433952994,Head of Democratization Department (S3),,scraped,2026-07-07T11:28:50.834513,
bd736c87323e99d0,https://al.linkedin.com/jobs/view/senior-accountant-4433994451,Senior Accountant,SJ Consulting shpk,posted,2026-07-07T11:29:03.931168,139
8de60fd23eea3ce5,https://al.linkedin.com/jobs/view/team-leader-customer-care-at-sisal-hub-albania-4427556483,Team Leader Customer Care,,scraped,2026-07-07T11:29:12.590853,
60e8257710f1c121,https://al.linkedin.com/jobs/view/ekonomist-magazine-n%C3%AB-durr%C3%ABs-at-salillari-ltd-4433961007,"EKONOMIST MAGAZINE, në DURRËS",,scraped,2026-07-07T11:29:23.948942,
b232bbbb8bda2f23,https://al.linkedin.com/jobs/view/inxhinier-e-mekanik-elektrik-ne-projektim-solidwoks-4433925743,Inxhinier/e Mekanik/Elektrik  ne Projektim (Solidwoks ),Alba Employment Group,posted,2026-07-07T11:29:39.324344,141
5c034c4ac5077b61,https://al.linkedin.com/jobs/view/certified-drone-operator-at-ucc-holding-4437764216,Certified Drone Operator,,scraped,2026-07-07T11:29:41.736933,
1d4488e31ec8b791,https://al.linkedin.com/jobs/view/senior-climate-adaptation-expert-at-ntu-international-a-s-4435111947,Senior Climate Adaptation Expert,,scraped,2026-07-07T11:29:50.505191,
51a1859766e18a44,https://al.linkedin.com/jobs/view/distributed-systems-engineer-apache-big-data-internals-remote-work-ref%23294453-at-bairesdev-4426561440,Distributed Systems Engineer (Apache Big Data Internals) - Remote Work | REF#294453,BairesDev,posted,2026-07-07T11:30:03.201961,143
8210aaa8fc6f32d6,https://al.linkedin.com/jobs/view/senior-land-management-rangeland-expert-at-ntu-international-a-s-4435810427,Senior Land Management / Rangeland Expert,,scraped,2026-07-07T11:30:05.774822,
7f476d1e02b7c9ba,https://al.linkedin.com/jobs/view/senior-agricultural-insurance-and-rural-finance-expert-at-ntu-international-a-s-4436316284,Senior Agricultural Insurance and Rural Finance Expert,,scraped,2026-07-07T11:30:12.891983,
d2f09cb910d9024e,https://al.linkedin.com/jobs/view/advisor-i-customer-service-spanish-at-concentrix-4406705312,"Advisor I, Customer Service - Spanish",Concentrix,posted,2026-07-07T11:30:26.326726,145
4684cd895ef72374,https://al.linkedin.com/jobs/view/senior-software-engineer-java-remote-work-ref%23293760-at-bairesdev-4426545457,Senior Software Engineer (Java) - Remote Work | REF#293760,BairesDev,posted,2026-07-07T11:30:34.488875,147
aa7d53bf9f6a7090,https://al.linkedin.com/jobs/view/sales-development-representative-sdr-mercato-italiano-at-salesdose-4437415247,Sales Development Representative (SDR) - Mercato Italiano,SalesDose,posted,2026-07-07T11:30:43.277700,149
50a363e2e9f0226d,https://al.linkedin.com/jobs/view/technical-business-analyst-%E2%80%93-erp-systems-implementation-freelancer-full-time-at-enpal-4420987810,Technical Business Analyst – ERP & Systems Implementation - Freelancer (full-time ),,scraped,2026-07-07T11:30:45.900475,
0fb82c62a4d295f5,https://al.linkedin.com/jobs/view/lead-analyst-supply-analytics-bangkok-based-relocation-provided-at-agoda-4371895820,"Lead Analyst (Supply Analytics, Bangkok-based, Relocation provided)",Agoda,posted,2026-07-07T11:31:02.425094,151
2eac83c1466d3443,https://al.linkedin.com/jobs/view/hiking-guide-in-albania-kosovo-and-montenegro-at-zbulo%21-discover-albania-4433919452,"Hiking Guide in Albania, Kosovo and Montenegro",Zbulo! Discover Albania,posted,2026-07-07T19:18:29.977100,162
7e01e2b1fb0cf576,https://al.linkedin.com/jobs/view/creative-designer-at-ruby-labs-4436749069,Creative Designer,Ruby Labs,posted,2026-07-07T19:18:39.279881,164
4b6de02dcc6f2aa6,https://al.linkedin.com/jobs/view/albanian-language-translation-professionals-remote-at-crossing-hurdles-4426915862,Albanian Language & Translation Professionals | Remote,Crossing Hurdles,posted,2026-07-07T19:18:48.007065,166
2e6bd990fd7d893c,https://al.linkedin.com/jobs/view/addetto-a-amministrazione-finance-at-lutech-4436388219,Addetto/a Amministrazione Finance,,scraped,2026-07-07T19:18:50.693486,
9a721d56286f35b8,https://al.linkedin.com/jobs/view/brand-manager-at-porsche-holding-4435800671,Brand Manager,,scraped,2026-07-07T19:18:57.953468,
01b1473db7036a2e,https://al.linkedin.com/jobs/view/va26p136v01-project-officer-lp2-at-icmpd-t%C3%BCrkiye-temsilcili%C4%9Fi-4433986691,VA26P136V01 - Project Officer - LP2,,scraped,2026-07-07T19:19:06.758148,
08e1b8a7e3a6e042,https://al.linkedin.com/jobs/view/ekonomist-e-ne-fabrike-prodhimi-at-a-g-s-sh-p-k-4433182026,Ekonomist/e ne Fabrike Prodhimi,,scraped,2026-07-07T19:19:26.087613,
c003705ffe5693dd,https://al.linkedin.com/jobs/view/lider-liderka-zmiany-at-dealz-poland-4434565003,Lider / Liderka zmiany,Dealz Poland,posted,2026-07-07T19:20:20.096027,168
6fe34105b27a8012,https://al.linkedin.com/jobs/view/uppsc-civil-judge-pcs-j-pre-recruitment-2022-interview-schedule-2023-for-303-post-at-scraby-academy-4436929094,UPPSC Civil Judge PCS J Pre Recruitment 2022 Interview Schedule 2023 for 303 Post,Scraby Academy,posted,2026-07-07T19:20:31.238657,170
ec5c72cb57ea3e13,https://al.linkedin.com/jobs/view/oficer-kredie-per-degen-tirane-at-fed-invest-4433922822,Oficer kredie per degen Tirane,,scraped,2026-07-07T19:20:33.893218,
f6e4e6569bae3b30,https://al.linkedin.com/jobs/view/junior-recruiter-at-simera-4434548892,Junior Recruiter,Simera,posted,2026-07-07T19:20:48.048534,172
fde6090ae4b82cb3,https://al.linkedin.com/jobs/view/accountant-at-agikons-4433941144,Accountant,AgiKons,posted,2026-07-07T19:21:01.699031,174
7243c6903080ce9b,https://al.linkedin.com/jobs/view/tecnico-denim-lavanderia-at-denim-factory-s-4432763135,tecnico DENIM LAVANDERIA,,scraped,2026-07-07T19:21:04.342719,
a145bdcd589e97ba,https://al.linkedin.com/jobs/view/publish-account-manager-at-bulls-media-worldgroup-4433704602,Publish Account Manager,,scraped,2026-07-07T19:21:12.691496,
5ec438dc063a6b46,https://al.linkedin.com/jobs/view/construction-supervision-expert-at-albchrome-shpk-4434551246,Construction Supervision Expert,AlbChrome shpk,posted,2026-07-07T19:21:37.256021,176
af302dd316b3d322,https://al.linkedin.com/jobs/view/receptionist-at-core-pilates-tirana-4434550203,Receptionist,,scraped,2026-07-07T19:21:49.918112,
cde9b3cfbff3f97e,https://al.linkedin.com/jobs/view/data-scientist-for-martech-at-bip-4436351723,Data Scientist for Martech,BIP,posted,2026-07-07T19:22:06.369899,178
cc31cba2e21d02a7,https://al.linkedin.com/jobs/view/receptionist-guest-relations-coordinator-at-dimension-hr-4433944405,Receptionist / Guest Relations Coordinator,,scraped,2026-07-07T19:22:11.054033,
3628a851f67516a5,https://al.linkedin.com/jobs/view/data-analyst-at-mare-group-4437143867,Data Analyst,,scraped,2026-07-07T19:22:20.102230,
3e132bb1ff0c63f1,https://al.linkedin.com/jobs/view/marketing-manager-at-balfin-real-estate-4436071866,Marketing Manager,Balfin Real Estate,posted,2026-07-07T19:22:39.029135,180
a98f2b33d7ad479a,https://al.linkedin.com/jobs/view/grc-manager-at-omilia-4437769312,GRC Manager,Omilia,posted,2026-07-07T19:22:55.089241,182
428df91dcc479c78,https://al.linkedin.com/jobs/view/dental-sales-representative-at-iclear-group-ltd-4437811044,Dental Sales Representative,,scraped,2026-07-07T19:22:57.798737,
5a46b17e07dfe4da,https://al.linkedin.com/jobs/view/sales-assistant-at-jovex-light-4434525751,Sales Assistant,JOVEX Light,posted,2026-07-07T19:23:17.377328,184
d681efc20a6a4acb,https://al.linkedin.com/jobs/view/shopify-developer-at-fuelerate-4433960046,Shopify Developer,Fuelerate,posted,2026-07-07T19:23:26.611352,186
8dfc2f11f7506688,https://al.linkedin.com/jobs/view/administrative-operations-support-at-eppc-albania-kosovo-4413931713,Administrative & Operations Support,,scraped,2026-07-07T19:23:29.310610,
26aac98f0302de7f,https://al.linkedin.com/jobs/view/sales-office-assistant-at-alba-distribution-sh-p-k-4434506769,Sales Office Assistant,Alba Distribution sh.p.k,posted,2026-07-07T19:23:43.108467,188
2bbf2df74f9c1bbc,https://al.linkedin.com/jobs/view/senior-survey-methodology-expert-at-ntu-international-a-s-4437829071,Senior Survey Methodology Expert,,scraped,2026-07-07T19:23:47.691234,
17fe61f9ff9e5e49,https://al.linkedin.com/jobs/view/invitation-to-submit-offers-for-local-consultancy-services-eu4rivers-relaunch-at-eubam-libya-4437116699,Invitation to submit offers for local consultancy services EU4RIVERS - Relaunch,,scraped,2026-07-07T19:23:59.092286,
5f26d23ec138809e,https://al.linkedin.com/jobs/view/client-relationship-representative-at-hyring%C2%AE-4437144559,Client Relationship Representative,Hyring®,posted,2026-07-07T19:24:16.578969,190
a03c07ba51c49dbf,https://al.linkedin.com/jobs/view/business-assurance-analytics-specialist-vois-at-vois-4423663302,BUSINESS ASSURANCE ANALYTICS SPECIALIST - VOIS,,scraped,2026-07-07T19:24:21.245630,
da7501092c98e699,https://al.linkedin.com/jobs/view/senior-devops-engineer-at-leverx-4432353105,Senior DevOps Engineer,LeverX,posted,2026-07-07T19:24:34.665208,192
45d7071bd401f1c2,https://al.linkedin.com/jobs/view/junior-sap-fi-consultant-at-engineering-albania-4432336945,Junior SAP FI Consultant,,scraped,2026-07-07T19:24:47.341522,
7e85fcce54c97e7e,https://al.linkedin.com/jobs/view/scaffold-helper-various-locations-at-yates-construction-4378766734,Scaffold Helper - Various Locations,Yates Construction,posted,2026-07-07T19:25:05.023339,194
51d527fff6f603ae,https://al.linkedin.com/jobs/view/performance-marketing-lead-native-ads-at-capslock-4434626972,Performance Marketing Lead (Native Ads),,scraped,2026-07-07T19:25:09.684399,
82f5f813c47bb769,https://al.linkedin.com/jobs/view/carpenter-journeyman-various-locations-at-yates-construction-4378761743,Carpenter Journeyman - Various Locations,Yates Construction,posted,2026-07-07T19:25:22.618605,196
1a188a2ab80a207a,https://al.linkedin.com/jobs/view/software-engineer-interviewer-albania-contract-remote-at-karat-4434690798,Software Engineer Interviewer (Albania - Contract/Remote),Karat,posted,2026-07-07T19:25:33.541526,198
c5b4533f48e15453,https://al.linkedin.com/jobs/view/back-office-document-verification-english-french-at-auto1-group-4435449925,Back Office Document Verification (English & French),,scraped,2026-07-07T19:25:38.260423,
0d67a93cbb9cc07c,https://al.linkedin.com/jobs/view/back-office-quality-analyst-%E2%80%93-solar-energy-entry-level-f-m-x-at-enpal-4410083960,Back Office Quality Analyst – Solar Energy (Entry Level)(f/m/x),,scraped,2026-07-07T19:25:46.768378,
d778325db81fbf86,https://al.linkedin.com/jobs/view/ark%C3%ABtar-dega-peshkopi-at-otp-bank-albania-4432763702,"Arkëtar, Dega Peshkopi",OTP Bank Albania,posted,2026-07-07T19:26:03.633016,200
5b28662c23ab4815,https://al.linkedin.com/jobs/view/specialist-i-riskut-operacional-at-union-financiar-tirane-unionnet-western-union-4434542694,SPECIALIST I RISKUT OPERACIONAL,Union Financiar Tirane | Unionnet - Western Union,posted,2026-07-07T19:26:17.068512,202
d2cb49ae99a18cfd,https://al.linkedin.com/jobs/view/menaxher-kryesor-horeca-bbd-shpk-at-asel-albania-4434527795,Menaxher Kryesor Horeca (BBD Shpk),ASEL Albania,posted,2026-07-07T19:26:28.897631,204
bba5e7601090d9b8,https://al.linkedin.com/jobs/view/senior-international-expert-on-referendums-at-osce-4433955596,Senior International Expert on Referendums,,scraped,2026-07-07T19:26:35.557382,
ce7aef510935673f,https://al.linkedin.com/jobs/view/operations-coordinator-italiano-fluente-c1-at-enpal-4436323598,Operations Coordinator - Italiano fluente C1,,scraped,2026-07-07T19:26:43.916023,
e387b6361511290e,https://al.linkedin.com/jobs/view/service-delivery-center-lead-enabling-services-albania-at-deloitte-4423673526,Service Delivery Center Lead | Enabling Services | Albania,Deloitte,posted,2026-07-07T19:26:57.356468,206
13a7fdcb90d498fe,https://al.linkedin.com/jobs/view/senior-quality-engineer-java-remote-work-ref%23293832-at-bairesdev-4426546494,Senior Quality Engineer (Java) - Remote Work | REF#293832,BairesDev,posted,2026-07-07T19:27:05.723789,208
2b3655d03284bbe4,https://al.linkedin.com/jobs/view/customer-support-assistenza-clienti-post-vendita-e-post-installazione-settore-fotovoltaico-italiano-fluente-richiesto-at-enpal-4399886542,Customer Support - Assistenza Clienti Post-Vendita e Post-Installazione | Settore Fotovoltaico| Italiano Fluente Richiesto,,scraped,2026-07-07T19:27:08.365925,
6d4757560815899a,https://al.linkedin.com/jobs/view/professional-sales-representative-swiss-german-speaking-at-goalwalker-4433196808,Professional Sales Representative - Swiss German Speaking,,scraped,2026-07-07T19:27:16.780873,
539c486ad9d312b6,https://al.linkedin.com/jobs/view/senior-java-backend-developer-remote-work-ref%23290269-at-bairesdev-4420468191,Senior Java Backend Developer - Remote Work | REF#290269,BairesDev,posted,2026-07-07T19:27:37.756659,210
acc62a1b868efc5e,https://al.linkedin.com/jobs/view/scaffold-journeyman-various-locations-at-yates-construction-4378767775,Scaffold Journeyman - Various Locations,Yates Construction,posted,2026-07-07T23:32:49.726212,227
393d68f7901ddffb,https://al.linkedin.com/jobs/view/transaction-coordinator-at-cs-outsource-4436845003,Transaction Coordinator,CS Outsource,posted,2026-07-07T23:33:01.514800,229
6cad85db51270efd,https://al.linkedin.com/jobs/view/logistic-officer-at-titan-albania-4436590070,Logistic Officer,,scraped,2026-07-07T23:33:08.158890,
15fc0ee1fe174283,https://al.linkedin.com/jobs/view/debt-collection-specialist-at-finhub-4434561638,Debt Collection Specialist,,scraped,2026-07-07T23:33:19.324578,
5850d3cb87f05681,https://al.linkedin.com/jobs/view/finance-specialist-at-brunes-group-4434525856,Finance Specialist,,scraped,2026-07-07T23:33:40.259437,
e4e6937837b112d7,https://al.linkedin.com/jobs/view/kierownik-kierowniczka-sklepu-dealz-at-dealz-poland-4434557262,Kierownik / Kierowniczka Sklepu Dealz,,scraped,2026-07-07T23:33:53.960414,
060c07e7102bb278,https://al.linkedin.com/jobs/view/social-media-manager-at-alkos-group-albania-4434517861,Social Media Manager,,scraped,2026-07-07T23:34:03.483588,
f625363c53d637ea,https://al.linkedin.com/jobs/view/technical-pastry-demonstrator-at-pyou-recruitment-hr-consulting-4436759178,Technical Pastry Demonstrator,,scraped,2026-07-07T23:34:12.503971,
cdfc1ac2eba7c47d,https://al.linkedin.com/jobs/view/specialist-finance-junior-at-kead-albania-4437124335,SPECIALIST FINANCE JUNIOR,,scraped,2026-07-07T23:34:20.038952,
f73801a53e49a1e7,https://al.linkedin.com/jobs/view/construction-field-engineer-at-nycom-4435894796,Construction Field Engineer,NYCOM,posted,2026-07-07T23:34:39.210842,231
c83b3f8ca2cb31e9,https://al.linkedin.com/jobs/view/technical-writer-with-mechanical-electrical-background-at-star7-4433193181,Technical Writer with mechanical/electrical background,,scraped,2026-07-07T23:34:43.796770,
c8c40274a482517f,https://al.linkedin.com/jobs/view/restaurant-waiter-at-marriott-international-4435707973,Restaurant Waiter,Marriott International,posted,2026-07-07T23:34:59.261747,233
0025e6537232ad86,https://al.linkedin.com/jobs/view/engineering-manager-100%25-remote-emea-at-pragmatike-4435818124,Engineering Manager (100% Remote EMEA),,scraped,2026-07-07T23:35:13.837908,
201ac61c2c3b1c8a,https://al.linkedin.com/jobs/view/lider-liderka-zmiany-at-dealz-poland-4434559161,Lider / Liderka zmiany,,scraped,2026-07-07T23:35:28.303485,
8d07083d0a0b0c70,https://al.linkedin.com/jobs/view/interior-design-assistan-at-talentbridge-albania-4437805793,Interior Design Assistan,,scraped,2026-07-07T23:35:37.817430,
393dd9b251393328,https://al.linkedin.com/jobs/view/assistente-personale-4433901558,Assistente personale,Giglio bianco,posted,2026-07-07T23:35:49.534829,235
6f3075aa1fdbad61,https://al.linkedin.com/jobs/view/construction-contract-manager-at-rekrutime-agikons-4434530873,Construction Contract Manager,Rekrutime Agikons,posted,2026-07-07T23:36:04.395525,237
9ef350c03193de2c,https://al.linkedin.com/jobs/view/cardiology-patient-navigator-at-seamless-assist-4437711829,Cardiology Patient Navigator,Seamless Assist,posted,2026-07-07T23:36:13.587753,35
7a683463e6e5eb7f,https://al.linkedin.com/jobs/view/lider-liderka-zmiany-at-dealz-poland-4434553357,Lider / Liderka zmiany,,scraped,2026-07-07T23:36:20.160463,
d0790e729c81776d,https://al.linkedin.com/jobs/view/fluent-german-customer-support-consultant-remote-at-supportyourapp-4437170245,(fluent German) Customer Support Consultant (remote),SupportYourApp,posted,2026-07-07T23:36:49.940820,239
5beb8f3627ff248c,https://al.linkedin.com/jobs/view/lider-liderka-zmiany-3-4-etatu-at-dealz-poland-4432788755,Lider / Liderka zmiany 3/4 etatu,,scraped,2026-07-07T23:36:58.553108,
b5673837d4dd301a,https://al.linkedin.com/jobs/view/workday-bootcamp-24%E2%80%9325-sept-junior-functional-consultant-tirana-at-deloitte-4432367365,Workday Bootcamp (24–25 Sept) | Junior Functional Consultant | Tirana,Deloitte,posted,2026-07-07T23:37:13.917130,241
c671598ae965a175,https://al.linkedin.com/jobs/view/junior-it-application-administrator-at-deloitte-4433937527,Junior IT Application Administrator,Deloitte,posted,2026-07-07T23:37:24.187712,243
992b02f80daa5e35,https://al.linkedin.com/jobs/view/senior-infrastructure-specialist-at-deloitte-4433190964,Senior Infrastructure Specialist,Deloitte,posted,2026-07-07T23:37:33.656152,245
b20581177f4c6800,https://al.linkedin.com/jobs/view/lider-liderka-zmiany-1-2-etatu-at-dealz-poland-4434557261,Lider / Liderka zmiany 1/2 etatu,,scraped,2026-07-07T23:37:36.205461,
fe42d7bd063fba66,https://al.linkedin.com/jobs/view/install-partner-manager-operations-specialist-settore-fotovoltaico-conoscenza-fluente-della-lingua-italiana-obbligatoria-at-enpal-4400328069,Install Partner Manager (Operations Specialist Settore Fotovoltaico) | Conoscenza Fluente della Lingua Italiana Obbligatoria,,scraped,2026-07-07T23:37:43.793577,
291dec004bc9dd23,https://al.linkedin.com/jobs/view/ai-video-creator-at-the-flex-4436767831,AI Video Creator,,scraped,2026-07-07T23:37:58.178864,
efaee1acb796fa3e,https://al.linkedin.com/jobs/view/it-project-manager-with-german-at-deloitte-4406706393,IT Project Manager with German,Deloitte,posted,2026-07-07T23:38:13.960313,247
7afa48fb19f3490f,https://al.linkedin.com/jobs/view/operations-assistant-at-cs-outsource-4435220730,Operations Assistant,CS Outsource,posted,2026-07-07T23:38:22.635621,249
4ff1b4cd24f3ffa1,https://al.linkedin.com/jobs/view/kasjer-sprzedawca-kasjerka-sprzedawczyni-1-2-etatu-at-dealz-poland-4432793464,Kasjer - Sprzedawca / Kasjerka - Sprzedawczyni (1/2 etatu),,scraped,2026-07-07T23:38:25.175004,
826ad02ab1ee8f43,https://al.linkedin.com/jobs/view/senior-devops-engineer-azure-at-proxify-4335992113,Senior DevOps Engineer (Azure),,scraped,2026-07-07T23:38:35.090704,
fa77832007a8bfcf,https://al.linkedin.com/jobs/view/praca-dodatkowa-w-sklepie-dealz-at-dealz-poland-4432794434,Praca dodatkowa w Sklepie Dealz,,scraped,2026-07-07T23:38:42.187019,
a7f0aa912fd9e48f,https://al.linkedin.com/jobs/view/senior-software-engineer-scala-remote-work-ref%23290199-at-bairesdev-4420452838,Senior Software Engineer (Scala) - Remote Work | REF#290199,BairesDev,posted,2026-07-07T23:38:58.146708,251
3ea77bb8072882b4,https://al.linkedin.com/jobs/view/senior-salesforce-developer-at-assist-digital-4434543254,Senior Salesforce Developer,,scraped,2026-07-07T23:39:14.545405,
325f2c5457e681dd,https://al.linkedin.com/jobs/view/staff-java-backend-developer-remote-work-ref%23290336-at-bairesdev-4420456742,Staff Java Backend Developer - Remote Work | REF#290336,BairesDev,posted,2026-07-07T23:39:28.585991,253
125adef3bd599f48,https://al.linkedin.com/jobs/view/senior-sapui5-btp-developer-relocation-to-cyprus-at-epam-systems-4355906334,Senior SAPUI5/BTP Developer (relocation to Cyprus),EPAM Systems,posted,2026-07-07T23:39:37.353707,255
a91f000c1cfd9fcd,https://al.linkedin.com/jobs/view/german-cx-specialist-work-permit-sponsored-at-telus-digital-4436348765,German CX Specialist (Work Permit Sponsored),,scraped,2026-07-07T23:39:39.963791,
79e3610d2060d348,https://al.linkedin.com/jobs/view/back-office-controlling-invoice-analyst-at-auto1-group-4437006710,Back Office Controlling / Invoice Analyst,,scraped,2026-07-08T09:17:55.124511,
87312cb9c4a4446c,https://al.linkedin.com/jobs/view/microsoft-technologies-specialists-%E2%80%93-multiple-open-positions-at-moreone-technologies-4434831333,Microsoft Technologies Specialists – Multiple Open Positions,,scraped,2026-07-08T09:18:18.057257,
6eb48c3b9012d36e,https://al.linkedin.com/jobs/view/local-it-support-lead-at-sicpa-4437808037,Local IT Support Lead,,scraped,2026-07-08T09:18:32.683498,
5882f2a931294eb0,https://al.linkedin.com/jobs/view/sales-assistant-at-inditex-4433953823,Sales Assistant,,scraped,2026-07-08T09:18:39.647193,
15ae23077e7430c6,https://al.linkedin.com/jobs/view/branch-manager-vlore-at-intesa-sanpaolo-bank-albania-4436752071,Branch Manager Vlore,,scraped,2026-07-08T09:18:46.130665,
dfa3391133000b8b,https://al.linkedin.com/jobs/view/zoho-automation-engineer-at-huzzle-com-4436493367,Zoho Automation Engineer,,scraped,2026-07-08T09:18:53.500000,
6594331eddd5f7d9,https://al.linkedin.com/jobs/view/chef-d-apos-equipe-maintenance-h-f-at-l-usine-nouvelle-4433751047,Chef d&apos;Equipe Maintenance (H/F),L'Usine Nouvelle,posted,2026-07-08T09:19:18.810470,257
a910a6e480763626,https://al.linkedin.com/jobs/view/finance-specialist-at-psz-albania-gbmh-shpk-4405114190,Finance specialist,PSZ Albania GbmH Shpk,posted,2026-07-08T09:19:32.227489,259
ea868bafea26c833,https://al.linkedin.com/jobs/view/sap-mm-sd-lead-consultant-at-leverx-4434809850,SAP MM/SD Lead Consultant,LeverX,posted,2026-07-08T09:20:13.449111,261
2df69b4bf028848d,https://al.linkedin.com/jobs/view/functional-consultant-finance-%E2%80%93-microsoft-d365-f-o-at-hso-4426821707,Functional Consultant (Finance) – Microsoft D365 F&O,HSO,posted,2026-07-08T09:20:27.917622,263
7bec0d8af615266a,https://al.linkedin.com/jobs/view/customer-service-agent-100%25-remote-a-players-only-at-backbone-customer-service-4317622356,Customer Service Agent | 100% remote | A-players only,,scraped,2026-07-08T09:20:30.576920,
81cfe38bfb2b0cf0,https://al.linkedin.com/jobs/view/junior-architect-at-philip-studio-4434810948,Junior Architect,Philip Studio,posted,2026-07-08T09:20:51.200557,265
815fcaae4f9062b8,https://al.linkedin.com/jobs/view/senior-data-engineer-azure-at-proxify-4335433689,Senior Data Engineer (Azure),,scraped,2026-07-08T09:20:59.849920,
350ccef463c6dc13,https://al.linkedin.com/jobs/view/senior-backend-engineer-go-at-block-labs-4325216227,Senior Backend Engineer (Go),,scraped,2026-07-08T09:21:07.017835,
c6d906a5f9b68c6c,https://al.linkedin.com/jobs/view/german-speaking-customer-care-helpdesk-specialist-at-acca19-4434586733,German Speaking Customer Care Helpdesk Specialist,,scraped,2026-07-08T09:21:13.187175,
1fc095bbce65bc8f,https://al.linkedin.com/jobs/view/collaboratore-indipendente-at-giovanna-scola-4436747404,Collaboratore indipendente,,scraped,2026-07-08T09:21:22.100064,
2b33ac05f50872f2,https://al.linkedin.com/jobs/view/senior-staff-engineer-computing-architecture-at-axelera-ai-4436400821,Senior/Staff Engineer - Computing Architecture,,scraped,2026-07-08T09:21:33.150100,
6e26b6167c9eb156,https://al.linkedin.com/jobs/view/deli-clerk-at-brookshire-grocery-company-4436146446,Deli Clerk,Brookshire Grocery Company,posted,2026-07-08T09:21:51.382693,267
84cea1ceddcc6d09,https://al.linkedin.com/jobs/view/sales-consultant-4432346460,Sales Consultant,Biba group,posted,2026-07-08T09:22:01.682107,269
2fc3df705f97b552,https://al.linkedin.com/jobs/view/senior-full-stack-backend-engineer-php-%2B-react-at-alfadocs-com-4415780069,Senior Full Stack/Backend Engineer (PHP + React),,scraped,2026-07-08T09:22:18.322390,
9fc5e625285ef46c,https://al.linkedin.com/jobs/view/backend-qa-engineer-test-automation-at-deloitte-4434567450,Backend QA Engineer | Test Automation,Deloitte,posted,2026-07-08T09:22:49.162445,271
9ec2447e340fcc7b,https://al.linkedin.com/jobs/view/junior-sap-support-consultant-german-speaking-at-deloitte-4413620890,Junior SAP Support Consultant | German speaking,Deloitte,posted,2026-07-08T09:23:09.465668,273
d7666215d05c6ec3,https://al.linkedin.com/jobs/view/senior-java-developer-software-architect-at-alvacore-solutions-4436996142,Senior Java Developer / Software Architect,Alvacore Solutions,posted,2026-07-08T09:23:25.363790,275
4de3a0bf957f2a8b,https://al.linkedin.com/jobs/view/senior-engineering-manager-bangkok-based-relocation-provided-at-agoda-4370566363,"Senior Engineering Manager (Bangkok based, relocation provided)",Agoda,posted,2026-07-08T09:23:41.989858,277
89ee5521a213153d,https://al.linkedin.com/jobs/view/principal-software-engineer-java-remote-work-ref%23290157-at-bairesdev-4420458762,Principal Software Engineer (Java) - Remote Work | REF#290157,BairesDev,posted,2026-07-08T09:23:52.361403,279
7bb2e0c3da23c1cd,https://al.linkedin.com/jobs/view/principal-software-engineer-node-js-ref%23290194-at-bairesdev-4420469153,Principal Software Engineer (Node.js) | REF#290194,BairesDev,posted,2026-07-08T09:24:02.893649,281
79ca3439ccb8ab1d,https://al.linkedin.com/jobs/view/service-desk-consultant-with-german-sap-team-at-deloitte-4398691929,Service Desk Consultant with German | SAP Team,Deloitte,posted,2026-07-08T09:24:13.576310,283
dec963b0a36593a1,https://al.linkedin.com/jobs/view/senior-engineering-manager-fintech-bangkok-based-relocation-provided-at-agoda-4429232550,"Senior Engineering Manager - Fintech (Bangkok based, relocation provided)",Agoda,posted,2026-07-08T09:24:26.819853,285
9c5bda1a33968919,https://al.linkedin.com/jobs/view/staff-software-engineer-scala-remote-work-ref%23290264-at-bairesdev-4420469175,Staff Software Engineer (Scala) - Remote Work | REF#290264,BairesDev,posted,2026-07-08T09:24:36.653598,287
a36f6976a96c9d86,https://al.linkedin.com/jobs/view/b2b-lead-generation-gtm-demand-generation-business-development-campaign-at-clientium-%E2%80%93-sistemi-di-acquisizione-clienti-b2b-4433953175,B2B Lead generation / GTM / Demand generation / Business Development campaign,Clientium – Sistemi di Acquisizione Clienti B2B,posted,2026-07-08T16:18:15.277183,289
34c5ba964aee6903,https://al.linkedin.com/jobs/view/lead-generation-specialist-at-atis-software-factory-4438241520,Lead Generation Specialist,,scraped,2026-07-08T16:18:21.945698,
3e602840712d940f,https://al.linkedin.com/jobs/view/customer-care-quality-at-sisal-hub-albania-4429532817,Customer Care Quality,,scraped,2026-07-08T16:18:29.250335,
c67940bb930144df,https://al.linkedin.com/jobs/view/receptionist-at-hilton-garden-inn-tirana-4434824891,Receptionist,Hilton Garden Inn Tirana,posted,2026-07-08T16:19:06.091583,291
bdfb3888287bd079,https://al.linkedin.com/jobs/view/accountant-at-kalaja-talent-consulting-4434540424,Accountant,,scraped,2026-07-08T16:19:26.733398,
3ee2defbe36746fd,https://al.linkedin.com/jobs/view/marketing-specialist-at-cs-outsource-4436237461,Marketing Specialist,CS Outsource,posted,2026-07-08T16:19:41.222413,293
472714297e1a2037,https://al.linkedin.com/jobs/view/office-assistant-at-we-are-fiber-4434843970,Office Assistant,We Are Fiber,posted,2026-07-08T16:19:55.310359,295
029d37c1714597ba,https://al.linkedin.com/jobs/view/junior-marketing-specialist-at-bulls-vision-group-4434866393,Junior Marketing Specialist,,scraped,2026-07-08T16:19:59.951564,
e45f05a25c0e37a2,https://al.linkedin.com/jobs/view/senior-value-chain-development-expert-at-ntu-international-a-s-4436392302,Senior Value Chain Development Expert,,scraped,2026-07-08T16:20:10.286453,
6a94886ceda93b7b,https://al.linkedin.com/jobs/view/business-development-sales-representative-at-vanguard-vista-solutions-4434845835,Business Development & Sales Representative,,scraped,2026-07-08T16:20:35.356243,
19a6df976a0a285d,https://al.linkedin.com/jobs/view/ekonomiste-elplast-al-at-ecommerce-albania-4433946554,Ekonomiste (ELPLAST-al),Ecommerce-Albania,posted,2026-07-08T16:20:52.644173,297
edd96008c544b151,https://al.linkedin.com/jobs/view/audit-consultant-at-deloitte-4414896576,Audit Consultant,Deloitte,posted,2026-07-08T16:21:07.722015,299
5ea803bca5f10881,https://al.linkedin.com/jobs/view/senior-fullstack-engineer-remote-at-pragmatike-4436784797,Senior Fullstack Engineer (Remote),,scraped,2026-07-08T16:21:12.430764,
540cb953bcf93677,https://al.linkedin.com/jobs/view/accounting-finance-specialist-at-enpal-4437775617,Accounting & Finance Specialist,,scraped,2026-07-08T16:21:18.958843,
b5ef536b07a4261f,https://al.linkedin.com/jobs/view/business-development-partner-nj%C3%AB-rol-strategjik-n%C3%AB-emi-cc-at-emi-cc-coaching-and-consulting-4434830506,Business Development Partner | Një rol strategjik në EMI-CC,,scraped,2026-07-08T16:21:31.571386,
f2ce2c721c4305ec,https://al.linkedin.com/jobs/view/addetto-alla-contabilit%C3%A0-fornitori-at-doctor-hail-albania-4434844973,Addetto alla contabilità fornitori,,scraped,2026-07-08T16:21:45.309484,
8dda4db392959a2d,https://al.linkedin.com/jobs/view/menaxher-kryesor-horeca-bbd-shpk-at-duapune-com-4434548155,Menaxher Kryesor Horeca (BBD Shpk),duapune.com,posted,2026-07-08T16:22:12.752004,204
fa7af6aefdb39d2c,https://al.linkedin.com/jobs/view/senior-android-engineer-at-ruby-labs-4437881029,Senior Android Engineer,Ruby Labs,posted,2026-07-08T16:22:34.336592,301
abc18c835ab254ab,https://al.linkedin.com/jobs/view/attendant-laundry-at-marriott-international-4437310388,Attendant-Laundry,Marriott International,posted,2026-07-08T21:50:29.001799,303
c1d8ea028aa72091,https://al.linkedin.com/jobs/view/operations-coordinator-at-third-pillar-recruiting-4434855269,Operations Coordinator,,scraped,2026-07-08T21:50:38.003673,
1e794280391f8f47,https://al.linkedin.com/jobs/view/fabricator-4434863839,Fabricator,Ssa albaniya,posted,2026-07-08T21:50:51.887319,305
b640fe92554b1771,https://al.linkedin.com/jobs/view/voice-actor-at-kronikani-me-plis-4434886155,Voice Actor,Kronikani me Plis,posted,2026-07-08T21:51:19.472123,307
df2af142d93c186b,https://al.linkedin.com/jobs/view/fluent-german-customer-support-consultant-remote-at-supportyourapp-4437167302,(fluent German) Customer Support Consultant (remote),SupportYourApp,posted,2026-07-08T21:51:26.531320,239
d854047143f0844b,https://al.linkedin.com/jobs/view/medical-representative-%E2%80%93-medical-aesthetics-at-delta-pharma-adria-4434835014,Medical Representative – Medical Aesthetics,,scraped,2026-07-08T21:51:31.104926,
6adaa9de9d71572f,https://al.linkedin.com/jobs/view/lider-liderka-zmiany-3-4-etatu-at-dealz-poland-4434546882,Lider / Liderka zmiany (3/4 etatu),,scraped,2026-07-08T21:51:43.735191,
44591ca15e866aa1,https://al.linkedin.com/jobs/view/conversational-ai-application-developer-english-and-greek-speaker-at-omilia-4438190822,Conversational AI Application Developer (English and Greek speaker),,scraped,2026-07-08T21:51:55.766699,
3dd156208dc35169,https://al.linkedin.com/jobs/view/bashkohuni-me-ekipin-ton%C3%AB-sh%C3%ABrbim-ndaj-klientit-gjermanisht-anglisht-%E2%80%93-100%25-pun%C3%AB-nga-sht%C3%ABpia-at-talentpop-app-4434878422,Bashkohuni me ekipin tonë: Shërbim ndaj Klientit (Gjermanisht/Anglisht) – 100% Punë nga Shtëpia,TalentPop App,posted,2026-07-08T21:52:51.524437,309
e01ea002541d3f05,https://al.linkedin.com/jobs/view/senior-back-end-developer-node-express-js-at-worldly-4438133378,Senior Back-End Developer (Node/Express.js),Worldly,posted,2026-07-08T21:53:00.042154,311
c7ae1a56266094d3,https://al.linkedin.com/jobs/view/junior-digital-merchandiser-with-french-at-estorelabs-4438209323,Junior Digital Merchandiser with French,,scraped,2026-07-08T21:53:02.708513,
14125a6680cb357f,https://al.linkedin.com/jobs/view/junior-digital-merchandiser-with-french-at-estorelabs-4438200596,Junior Digital Merchandiser with French,,scraped,2026-07-08T21:53:11.893227,
d0753f12f7c525f9,https://al.linkedin.com/jobs/view/bashkohuni-me-ekipin-ton%C3%AB-sh%C3%ABrbim-ndaj-klientit-gjermanisht-anglisht-%E2%80%93-100%25-pun%C3%AB-nga-sht%C3%ABpia-at-talentpop-app-4434883301,Bashkohuni me ekipin tonë: Shërbim ndaj Klientit (Gjermanisht/Anglisht) – 100% Punë nga Shtëpia,TalentPop App,posted,2026-07-08T21:53:40.590290,313
7516df3bf68e7b21,https://al.linkedin.com/jobs/view/senior-aso-manager-at-ruby-labs-4436915455,Senior ASO Manager,Ruby Labs,posted,2026-07-08T21:53:49.161152,315
53af8e1d09c3b9fe,https://al.linkedin.com/jobs/view/kundenservice-deutsch-englisch-%E2%80%93-100%25-remote-homeoffice-at-talentpop-app-4434881466,Kundenservice (Deutsch/Englisch) – 100% Remote / Homeoffice,TalentPop App,posted,2026-07-08T21:54:01.682644,317
4a9a717d94dc3e89,https://al.linkedin.com/jobs/view/senior-character-motion-animator-at-ruby-labs-4438242004,Senior Character & Motion Animator,Ruby Labs,posted,2026-07-08T21:54:11.718045,319
c938278c29a10c45,https://al.linkedin.com/jobs/view/analist-kredie-at-kredo-al-4434830124,Analist Kredie,,scraped,2026-07-08T21:54:14.311519,
9e04854643f1ea61,https://al.linkedin.com/jobs/view/medical-tourism-sales-supervisor-4434859712,Medical Tourism Sales Supervisor,Embrace Albania,posted,2026-07-08T21:54:34.236792,321
83de2911ded07f94,https://al.linkedin.com/jobs/view/lead-android-developer-at-ruby-labs-4437878077,Lead Android Developer,Ruby Labs,posted,2026-07-08T21:54:46.626619,323
8fd43d9afc2b3ba6,https://al.linkedin.com/jobs/view/german-english-speaking-customer-service-support-at-talentpop-app-4434890306,German-English Speaking Customer Service Support,TalentPop App,posted,2026-07-08T21:55:00.809556,325
c90d31defaeb7672,https://al.linkedin.com/jobs/view/application-developer-%E2%80%93-android-pos-integration-at-twine-4434832807,Application Developer – Android POS Integration,,scraped,2026-07-08T21:55:09.453010,
5787199d990a5e14,https://al.linkedin.com/jobs/view/mjek-nefrolog-at-diaverum-4252811972,Mjek Nefrolog,Diaverum,posted,2026-07-08T21:55:26.990124,327
2ce09f318c9e51e0,https://al.linkedin.com/jobs/view/associate-manager-marketing-strategy-bangkok-based-relocation-provided-at-agoda-4410530884,"Associate Manager, Marketing Strategy (Bangkok Based, relocation provided)",Agoda,posted,2026-07-08T21:55:50.796782,329
2752520956b07bd2,https://al.linkedin.com/jobs/view/ict-engineer-at-ehvert-mission-critical-a-salas-o-brien-company-4437111622,ICT Engineer,Ehvert Mission Critical - a Salas O'Brien Company,posted,2026-07-09T10:35:05.963596,331
676500acedf65e42,https://al.linkedin.com/jobs/view/or-surgery-scheduler-front-desk-representative-at-novamed-4438569735,OR Surgery Scheduler / Front Desk Representative,Novamed,posted,2026-07-09T10:35:23.582266,333
e6a14cd6c2b23bce,https://al.linkedin.com/jobs/view/junior-digital-merchandiser-with-french-at-estorelabs-4438211240,Junior Digital Merchandiser with French,,scraped,2026-07-09T10:35:26.346155,
b216177551a8520b,https://al.linkedin.com/jobs/view/revenue-operations-specialist-at-neon-4434523931,Revenue Operations Specialist,NEON,posted,2026-07-09T10:35:41.013308,335
5ab9b3546c448ad9,https://al.linkedin.com/jobs/view/sales-director-at-opel-albania-noshi-4435645703,Sales Director,OPEL ALBANIA - NOSHI,posted,2026-07-09T10:35:52.577410,337
adc0c664351db339,https://al.linkedin.com/jobs/view/junior-marketing-specialist-at-bulls-vision-group-4433109146,Junior Marketing Specialist,,scraped,2026-07-09T10:35:57.287228,
1c8e39be81c58be7,https://al.linkedin.com/jobs/view/native-german-customer-support-consultant-remote-at-supportyourapp-4437167302,(native German) Customer Support Consultant (remote),SupportYourApp,posted,2026-07-09T10:36:10.756625,339
cc5d0577a2d89b0c,https://al.linkedin.com/jobs/view/team-leader-%E2%80%93-customer-care-at-omnes-agency-4434822895,TEAM LEADER – CUSTOMER CARE,,scraped,2026-07-09T10:36:25.474881,
7423534e4859e0f5,https://al.linkedin.com/jobs/view/medical-sales-representative-at-domp%C3%A9-4364249330,Medical Sales Representative,,scraped,2026-07-09T10:36:34.451604,
2ee7c00cc26f31a5,https://al.linkedin.com/jobs/view/fp-a-group-controller-at-quotidiano-sanit%C3%A0-club-4438172842,FP&A Group Controller,,scraped,2026-07-09T10:36:47.674816,
ec43cf7c3c835604,https://al.linkedin.com/jobs/view/finance-accounting-associate-usa-schedule-at-hitweb-it-4434814873,Finance & Accounting Associate (USA SCHEDULE),Hitweb.it,posted,2026-07-09T10:37:07.711499,341
05cc01f0bb353249,https://al.linkedin.com/jobs/view/albania-growth-partner-startup-proptech-at-wizio-london-4438598104,Albania Growth Partner - Startup PropTech,,scraped,2026-07-09T10:37:12.462303,
698a7e7f38cd96b7,https://al.linkedin.com/jobs/view/audit-assurance-intern-at-acca-careers-4436946364,Audit & Assurance Intern,,scraped,2026-07-09T10:37:20.728192,
4baecbe517379259,https://al.linkedin.com/jobs/view/graphic-designer-affinity-designer-at-printerior-albania-4434892411,Graphic Designer - Affinity Designer,,scraped,2026-07-09T10:37:27.799627,
62affaf622d1b4da,https://al.linkedin.com/jobs/view/junior-controlling-manager-at-auto1-group-4437371925,Junior Controlling Manager,,scraped,2026-07-09T10:37:34.696579,
8176432e5b31f596,https://al.linkedin.com/jobs/view/audit-assurance-intern-at-deloitte-4426850522,Audit & Assurance Intern,Deloitte,posted,2026-07-09T10:37:53.677142,343
867391fd9f7c1d3d,https://al.linkedin.com/jobs/view/operations-coordinator-at-cs-outsource-4437305679,Operations Coordinator,CS Outsource,posted,2026-07-09T10:38:01.982782,345
4845da241027e672,https://al.linkedin.com/jobs/view/chief-legal-officer-at-orion-shpk-4435655521,Chief Legal Officer,,scraped,2026-07-09T10:38:10.683949,
8563a1862313faf7,https://al.linkedin.com/jobs/view/regional-sales-manager-equipment-at-quincy-compressor-4437057911,"Regional Sales Manager, Equipment",Quincy Compressor,posted,2026-07-09T10:38:24.355050,347
7522a0ccc54ac2e7,https://al.linkedin.com/jobs/view/bashkohuni-me-ekipin-ton%C3%AB-sh%C3%ABrbim-ndaj-klientit-gjermanisht-anglisht-%E2%80%93-100%25-pun%C3%AB-nga-sht%C3%ABpia-at-talentpop-app-4434884261,Bashkohuni me ekipin tonë: Shërbim ndaj Klientit (Gjermanisht/Anglisht) – 100% Punë nga Shtëpia,TalentPop App,posted,2026-07-09T10:38:33.362898,349
592ddd34a4d4b553,https://al.linkedin.com/jobs/view/senior-accountant-at-sj-consulting-shpk-4438236257,Senior Accountant,SJ Consulting shpk,posted,2026-07-09T10:38:42.332270,139
f743d5c23dffc894,https://al.linkedin.com/jobs/view/senior-penetration-tester-at-alphatechs-4431517170,Senior Penetration Tester,,scraped,2026-07-09T10:38:53.067985,
fdd044e11918b526,https://al.linkedin.com/jobs/view/gi-registered-nurse-ft-at-novamed-4438565849,GI Registered Nurse FT,Novamed,posted,2026-07-09T10:39:10.057939,351
868114b143885775,https://al.linkedin.com/jobs/view/bookkeeper-at-cs-outsource-4436010231,Bookkeeper,CS Outsource,posted,2026-07-09T10:39:24.854065,353
e2cf6e318301c961,https://al.linkedin.com/jobs/view/operations-specialist-payments-process-management-at-auto1-group-4437370950,Operations Specialist (Payments & Process Management),,scraped,2026-07-09T10:39:27.457977,
342ee54d27637c4e,https://al.linkedin.com/jobs/view/finance-operations-specialist-at-auto1-group-4437374807,Finance Operations Specialist,,scraped,2026-07-09T10:39:42.215067,
d9019c795f956f23,https://al.linkedin.com/jobs/view/audit-assurance-senior-analyst-at-deloitte-4384469407,Audit & Assurance Senior Analyst,Deloitte,posted,2026-07-09T10:39:57.313207,355
36eae67667e6d556,https://al.linkedin.com/jobs/view/noc-network-engineer-at-vem-sistemi-4438299925,NOC Network Engineer,,scraped,2026-07-09T10:40:01.651828,
5bdd411c9fd19266,https://al.linkedin.com/jobs/view/software-quality-engineer-engineering-team-at-deloitte-4399053239,Software Quality Engineer | Engineering Team,Deloitte,posted,2026-07-09T10:40:18.257715,357
76dbb6ccd64bf578,https://al.linkedin.com/jobs/view/artificial-intelligence-engineer-at-vodafone-4434883817,Artificial Intelligence Engineer,Vodafone,posted,2026-07-09T10:40:30.871004,359
67bcb54b13ee9544,https://al.linkedin.com/jobs/view/certified-surgical-tech-ft-at-novamed-4438584165,Certified Surgical Tech FT,Novamed,posted,2026-07-09T10:40:44.231418,361
f82dea120e0436c8,https://al.linkedin.com/jobs/view/german-english-speaking-customer-service-support-at-talentpop-app-4434875662,German-English Speaking Customer Service Support,TalentPop App,posted,2026-07-09T10:40:53.268130,325
0955af803f6062a4,https://al.linkedin.com/jobs/view/certified-surgical-tech-prn-at-novamed-4438566804,Certified Surgical Tech PRN,Novamed,posted,2026-07-09T10:41:08.863742,363
a4a5f419441c355e,https://al.linkedin.com/jobs/view/registered-nurse-preop-pacu-ft-at-novamed-4438569743,Registered Nurse PreOp PACU FT,Novamed,posted,2026-07-09T10:41:18.867328,365
058775355396b085,https://al.linkedin.com/jobs/view/registered-nurse-preop-pacu-prn-at-novamed-4438563932,Registered Nurse PreOp PACU PRN,Novamed,posted,2026-07-09T10:41:28.491047,367
fa0f157a2e1f3071,https://al.linkedin.com/jobs/view/albanian-speaking-content-moderator-for-social-media-work-in-sofia-bulgaria-at-mercier-consultancy-md-4437724723,"Albanian Speaking Content Moderator For Social Media - Work In Sofia, Bulgaria",Mercier Consultancy MD,posted,2026-07-09T18:28:29.725248,369
1f49223f926d515b,https://al.linkedin.com/jobs/view/data-validaton-analyst-at-cardo-ai-4436806565,Data Validaton Analyst,CARDO AI,posted,2026-07-09T18:28:53.997162,371
4300ed932de98251,https://al.linkedin.com/jobs/view/architect-at-hsem-shpk-4433179446,Architect,,scraped,2026-07-09T18:29:00.716169,
16e450d9c14897db,https://al.linkedin.com/jobs/view/junior-operations-manager-at-auto1-group-4437549442,Junior Operations Manager,,scraped,2026-07-09T18:29:21.588654,
127be805639b3cdc,https://al.linkedin.com/jobs/view/gynecologist-4438640428,Gynecologist,FarmaBlend,posted,2026-07-09T18:29:50.781897,373
07dd5cf9ab81885d,https://al.linkedin.com/jobs/view/construction-site-director-at-lake-shore-residence-4435680019,Construction Site Director,,scraped,2026-07-09T18:29:57.419838,
52df309ee2bcc427,https://al.linkedin.com/jobs/view/menaxher-e-shoq%C3%ABrues-p%C3%ABrkthyes-invest-medical-albania-at-dm-consulting-services-4435688603,Menaxher/e (Shoqërues / Përkthyes) (INVEST MEDICAL ALBANIA),DM Consulting Services,posted,2026-07-09T18:30:29.449616,375
4659a56639e559a5,https://al.linkedin.com/jobs/view/technical-support-engineer-at-cdata-software-4404969983,Technical Support Engineer,CData Software,posted,2026-07-09T18:30:41.456116,377
b516ba0a2bfa2c44,https://al.linkedin.com/jobs/view/data-ai-tutor-freelance-albania-at-develhope-4434850892,Data & AI Tutor Freelance - Albania,Develhope,posted,2026-07-09T18:31:00.993372,379
e44fca07e4da7baa,https://al.linkedin.com/jobs/view/commission-analyst-maternity-cover-vois-at-vois-4427834643,COMMISSION ANALYST (Maternity Cover) - VOIS,,scraped,2026-07-09T18:31:03.761317,
395ea180c622d5cb,https://al.linkedin.com/jobs/view/collaborateur-comptable-h-f-at-l-usine-nouvelle-4433798061,Collaborateur Comptable (H/F),L'Usine Nouvelle,posted,2026-07-09T18:31:33.071156,381
348dc10698ced109,https://al.linkedin.com/jobs/view/kundenservice-deutsch-englisch-%E2%80%93-100%25-remote-homeoffice-at-talentpop-app-4434892190,Kundenservice (Deutsch/Englisch) – 100% Remote / Homeoffice,TalentPop App,posted,2026-07-09T18:31:40.509831,317
9380472357dad658,https://al.linkedin.com/jobs/view/payments-acceptance-senior-officer-at-raiffeisen-bank-albania-4435669753,Payments Acceptance Senior Officer,,scraped,2026-07-09T18:31:47.165779,
fa66c286ebd3a3f0,https://al.linkedin.com/jobs/view/class-coordinator-freelance-albania-at-develhope-4435693291,Class Coordinator Freelance - Albania,Develhope,posted,2026-07-09T18:32:18.611829,383
ae74626a1c3cb8a8,https://al.linkedin.com/jobs/view/grocery-stocker-at-brookshire-grocery-company-4438534951,Grocery Stocker,Brookshire Grocery Company,posted,2026-07-09T18:32:33.102791,385
c8269228ebcc4eb8,https://al.linkedin.com/jobs/view/assistant-4435675864,Assistant,Zyrë avokatie 'Stefan Topalli',posted,2026-07-09T18:32:58.177511,387
9442a962b9f81397,https://al.linkedin.com/jobs/view/business-development-sales-consultant-%E2%80%93-professional-hair-care-at-s-procosmetics-4435666362,Business Development & Sales Consultant – Professional Hair Care,,scraped,2026-07-09T18:33:00.946538,
c34564d0c68327a1,https://al.linkedin.com/jobs/view/bilingual-customer-service-specialist-german-english-%E2%80%93-voice-chat-at-talentpop-app-4434877589,Bilingual Customer Service Specialist (German/English) – Voice & Chat,TalentPop App,posted,2026-07-09T18:33:26.062823,389
86fe8326421e4190,https://al.linkedin.com/jobs/view/remote-customer-support-representative-german-english-at-talentpop-app-4435669585,Remote Customer Support Representative (German & English),TalentPop App,posted,2026-07-09T18:33:49.501951,391
72f42b7c88b93b33,https://al.linkedin.com/jobs/view/ai-engineer-technical-lead-at-vodafone-4435663861,AI Engineer Technical Lead,,scraped,2026-07-09T18:33:52.143759,
7470881f0bcc543b,https://al.linkedin.com/jobs/view/remote-customer-support-representative-german-english-at-talentpop-app-4435685124,Remote Customer Support Representative (German & English),TalentPop App,posted,2026-07-09T18:34:06.109692,391
ee3434cff6199bd8,https://al.linkedin.com/jobs/view/remote-customer-support-representative-german-english-at-talentpop-app-4435677260,Remote Customer Support Representative (German & English),TalentPop App,posted,2026-07-09T18:34:11.844041,391
af1ec06ed9c218d9,https://al.linkedin.com/jobs/view/it-system-devops-technician-at-vem-sistemi-4438296925,IT System & DevOps Technician,,scraped,2026-07-09T18:34:18.181010,
4ef31424e7e7cdf0,https://al.linkedin.com/jobs/view/infermier-at-diaverum-4252818275,Infermier,Diaverum,posted,2026-07-09T18:34:41.409757,393
3c8901162983953a,https://al.linkedin.com/jobs/view/vodafone-albania-discover-graduate-at-vodafone-4435663863,Vodafone Albania Discover Graduate,,scraped,2026-07-09T23:55:17.153840,
b2db9e4ffd57523f,https://al.linkedin.com/jobs/view/bi-developer-at-lutech-4438636043,BI Developer,,scraped,2026-07-09T23:55:46.092984,
ef42f035d35467fd,https://al.linkedin.com/jobs/view/human-resources-manager-at-bulls-vision-group-4435685281,Human Resources Manager,,scraped,2026-07-09T23:55:57.078297,
f3bab4c8f66d8862,https://al.linkedin.com/jobs/view/construction-project-manager-at-eb-invest-4435681575,Construction Project Manager,,scraped,2026-07-09T23:56:23.752216,
aa3117310b2aa865,https://al.linkedin.com/jobs/view/agent-de-support-client-bilingue-fran%C3%A7ais-et-anglais-secteur-voyage-et-tourisme-at-csc-digital-4438846454,AGENT DE SUPPORT CLIENT BILINGUE (FRANÇAIS ET ANGLAIS)_SECTEUR VOYAGE ET TOURISME,CSC Digital,posted,2026-07-09T23:56:40.517825,395
de453a952f0763fe,https://al.linkedin.com/jobs/view/lider-liderka-zmiany-at-dealz-poland-4435683637,Lider / Liderka zmiany,,scraped,2026-07-09T23:56:43.106439,
4a5a1eb5713b3141,https://al.linkedin.com/jobs/view/lider-liderka-zmiany-at-dealz-poland-4435675807,Lider / Liderka zmiany,,scraped,2026-07-09T23:56:51.020755,
ed1499ec988a368f,https://al.linkedin.com/jobs/view/senior-accountant-at-telelink-infra-4435671223,Senior Accountant,,scraped,2026-07-09T23:56:58.264339,
9d70b5566f8cbebe,https://al.linkedin.com/jobs/view/financial-reporting-analyst-maternity-cover-vois-at-vois-4427822728,FINANCIAL REPORTING ANALYST (Maternity Cover) - VOIS,,scraped,2026-07-09T23:57:15.518531,
8390d10698edec84,https://al.linkedin.com/jobs/view/senior-accountant-at-kalaja-talent-consulting-4435655348,Senior Accountant,,scraped,2026-07-09T23:57:36.405933,
d55d1156af0490d0,https://al.linkedin.com/jobs/view/zast%C4%99pca-zast%C4%99pczyni-kierownika-sklepu-dealz-at-dealz-poland-4435688514,Zastępca / Zastępczyni Kierownika Sklepu Dealz,,scraped,2026-07-09T23:57:45.122968,
0c926c22dc691900,https://al.linkedin.com/jobs/view/senior-front-end-developer-angular-at-worldly-4438816459,Senior Front-End Developer (Angular),Worldly,posted,2026-07-09T23:58:15.298220,397
713dec31209e59e7,https://al.linkedin.com/jobs/view/junior-operations-payments-process-management-at-auto1-group-4437544740,Junior Operations (Payments & Process Management),,scraped,2026-07-09T23:58:23.912244,
d583e55b6aaab38b,https://al.linkedin.com/jobs/view/operations-manager-at-cs-outsource-4437321414,Operations Manager,CS Outsource,posted,2026-07-09T23:58:51.443362,399
62af525904250171,https://al.linkedin.com/jobs/view/senior-application-developer-at-deloitte-4435661801,Senior Application Developer,Deloitte,posted,2026-07-09T23:59:08.984931,401
58edb05428e9f723,https://al.linkedin.com/jobs/view/hr-services-specialist-italian-speaking-vois-at-vois-4427821818,HR Services Specialist (Italian Speaking) - VOIS,,scraped,2026-07-09T23:59:19.632657,
e86a49965cb2f996,https://al.linkedin.com/jobs/view/praca-dodatkowa-w-sklepie-dealz-at-dealz-poland-4435688512,Praca dodatkowa w Sklepie Dealz,,scraped,2026-07-09T23:59:36.197771,
2d95db041b3397fa,https://al.linkedin.com/jobs/view/mjek-nefrolog-at-diaverum-4252818272,Mjek Nefrolog,Diaverum,posted,2026-07-10T00:00:14.373106,327
